{"tissue_hires_scalef": 0.082453825, "tissue_lowres_scalef": 0.024736147, "fiducial_diameter_fullres": 290.76822, "spot_diameter_fullres": 179.99936}