{"tissue_hires_scalef":0.082453825,"tissue_lowres_scalef":0.0214490765228701,"spot_diameter_fullres":180.14903}
