{"tissue_hires_scalef":0.082453825,"tissue_lowres_scalef":0.0215518601611849,"spot_diameter_fullres":180.14903}
