{"tissue_hires_scalef": 0.082453825, "tissue_lowres_scalef": 0.024736147, "fiducial_diameter_fullres": 291.00998, "spot_diameter_fullres": 180.14903}